{"cameraMode":{"drawMode":0,"name":"Shaded","section":"Shading Mode"},"sceneLighting":false,"audioPlay":false,"sceneViewState":{"m_AlwaysRefresh":false,"showFog":false,"showSkybox":false,"showFlares":false,"showImageEffects":false,"showParticleSystems":false,"showVisualEffectGraphs":true,"m_FxEnabled":true},"in2DMode":false,"pivot":{"x":0.0002301931381225586,"y":0.8206397294998169,"z":0.05920327454805374},"rotation":{"x":-0.19906942546367646,"y":-0.08956896513700485,"z":0.018135929480195047,"w":-0.9754306077957153},"size":1.4414557218551636,"orthographic":false}