{"cameraMode":{"drawMode":0,"name":"Shaded","section":"Shading Mode"},"sceneLighting":false,"audioPlay":false,"sceneViewState":{"m_AlwaysRefresh":false,"showFog":true,"showSkybox":false,"showFlares":true,"showImageEffects":true,"showParticleSystems":true,"showVisualEffectGraphs":true,"m_FxEnabled":true},"in2DMode":false,"pivot":{"x":23.254840850830079,"y":0.49736136198043826,"z":5.356786251068115},"rotation":{"x":0.05029066652059555,"y":0.9492856860160828,"z":-0.21010233461856843,"w":0.22746026515960694},"size":1.1209608316421509,"orthographic":false}