{"cameraMode":{"drawMode":0,"name":"Shaded","section":"Shading Mode"},"sceneLighting":false,"audioPlay":false,"sceneViewState":{"m_AlwaysRefresh":false,"showFog":true,"showSkybox":false,"showFlares":true,"showImageEffects":true,"showParticleSystems":true,"showVisualEffectGraphs":true,"m_FxEnabled":true},"in2DMode":false,"pivot":{"x":-5.972485065460205,"y":0.04575347900390625,"z":6.977270603179932},"rotation":{"x":0.040722914040088657,"y":0.9465173482894898,"z":-0.13167458772659303,"w":0.29084908962249758},"size":0.5853410363197327,"orthographic":false}