{"cameraMode":{"drawMode":0,"name":"Shaded","section":"Shading Mode"},"sceneLighting":false,"audioPlay":false,"sceneViewState":{"m_AlwaysRefresh":false,"showFog":true,"showSkybox":false,"showFlares":true,"showImageEffects":true,"showParticleSystems":true,"showVisualEffectGraphs":true,"m_FxEnabled":true},"in2DMode":false,"pivot":{"x":21.67007827758789,"y":0.6890586018562317,"z":6.122807502746582},"rotation":{"x":-0.022145584225654603,"y":0.956420361995697,"z":-0.2805121839046478,"w":-0.07503733783960343},"size":0.23286299407482148,"orthographic":false}